link,daerah
https://www.olx.co.id/jagakarsa_g5000483/dijual-rumah-apartemen_c5158/q-rumah?filter=type_eq_rumah,jaksel
https://www.olx.co.id/cilandak_g5000482/dijual-rumah-apartemen_c5158/q-rumah?filter=type_eq_rumah,jaksel
https://www.olx.co.id/pasar-minggu_g5000488/dijual-rumah-apartemen_c5158/q-rumah?filter=type_eq_rumah,jaksel
https://www.olx.co.id/kebayoran-baru_g5000484/dijual-rumah-apartemen_c5158/q-rumah?filter=type_eq_rumah,jaksel
https://www.olx.co.id/kebayoran-lama_g5000485/dijual-rumah-apartemen_c5158/q-rumah?filter=type_eq_rumah,jaksel
https://www.olx.co.id/tebet_g5000491/dijual-rumah-apartemen_c5158/q-rumah?filter=type_eq_rumah,jaksel
https://www.olx.co.id/pesanggrahan_g5000489/dijual-rumah-apartemen_c5158/q-rumah?filter=type_eq_rumah,jaksel
https://www.olx.co.id/mampang-prapatan_g5000486/dijual-rumah-apartemen_c5158/q-rumah?filter=type_eq_rumah,jaksel
https://www.olx.co.id/pancoran_g5000487/dijual-rumah-apartemen_c5158/q-rumah?filter=type_eq_rumah,jaksel
https://www.olx.co.id/setia-budi_g5000490/dijual-rumah-apartemen_c5158/q-rumah?filter=type_eq_rumah,jaksel
https://www.olx.co.id/cakung_g5000492/dijual-rumah-apartemen_c5158/q-rumah?filter=type_eq_rumah,jaktim
https://www.olx.co.id/duren-sawit_g5000495/dijual-rumah-apartemen_c5158/q-rumah?filter=type_eq_rumah,jaktim
https://www.olx.co.id/cipayung_g5000493/dijual-rumah-apartemen_c5158/q-rumah?filter=type_eq_rumah,jaktim
https://www.olx.co.id/ciracas_g5000494/dijual-rumah-apartemen_c5158/q-rumah?filter=type_eq_rumah,jaktim
https://www.olx.co.id/pulo-gadung_g5000501/dijual-rumah-apartemen_c5158/q-rumah?filter=type_eq_rumah,jaktim
https://www.olx.co.id/pasar-rebo_g5000500/dijual-rumah-apartemen_c5158/q-rumah?filter=type_eq_rumah,jaktim
https://www.olx.co.id/kramat-jati_g5000497/dijual-rumah-apartemen_c5158/q-rumah?filter=type_eq_rumah,jaktim
https://www.olx.co.id/jatinegara_g5000496/dijual-rumah-apartemen_c5158/q-rumah?filter=type_eq_rumah,jaktim
https://www.olx.co.id/matraman_g5000499/dijual-rumah-apartemen_c5158/q-rumah?filter=type_eq_rumah,jaktim
https://www.olx.co.id/makasar_g5000498/dijual-rumah-apartemen_c5158/q-rumah?filter=type_eq_rumah,jaktim
https://www.olx.co.id/kebon-jeruk_g5000469/dijual-rumah-apartemen_c5158/q-rumah?filter=type_eq_rumah,jakbar
https://www.olx.co.id/cengkareng_g5000466/dijual-rumah-apartemen_c5158/q-rumah?filter=type_eq_rumah,jakbar
https://www.olx.co.id/kembangan_g5000470/dijual-rumah-apartemen_c5158/q-rumah?filter=type_eq_rumah,jakbar
https://www.olx.co.id/grogol-petamburan_g5000467/dijual-rumah-apartemen_c5158/q-rumah?filter=type_eq_rumah,jakbar
https://www.olx.co.id/kalideres_g5000468/dijual-rumah-apartemen_c5158/q-rumah?filter=type_eq_rumah,jakbar
https://www.olx.co.id/palmerah_g5000471/dijual-rumah-apartemen_c5158/q-rumah?filter=type_eq_rumah,jakbar
https://www.olx.co.id/taman-sari_g5000472/dijual-rumah-apartemen_c5158/q-rumah?filter=type_eq_rumah,jakbar
https://www.olx.co.id/tambora_g5000473/dijual-rumah-apartemen_c5158/q-rumah?filter=type_eq_rumah,jakbar
https://www.olx.co.id/kelapa-gading_g5000503/dijual-rumah-apartemen_c5158/q-rumah?filter=type_eq_rumah,jakut
https://www.olx.co.id/tanjung-priok_g5000507/dijual-rumah-apartemen_c5158/q-rumah?filter=type_eq_rumah,jakut
https://www.olx.co.id/penjaringan_g5000506/dijual-rumah-apartemen_c5158/q-rumah?filter=type_eq_rumah,jakut
https://www.olx.co.id/cilincing_g5000502/dijual-rumah-apartemen_c5158/q-rumah?filter=type_eq_rumah,jakut
https://www.olx.co.id/pademangan_g5000505/dijual-rumah-apartemen_c5158/q-rumah?filter=type_eq_rumah,jakut
https://www.olx.co.id/koja_g5000504/dijual-rumah-apartemen_c5158/q-rumah?filter=type_eq_rumah,jakut
https://www.olx.co.id/cempaka-putih_g5000474/dijual-rumah-apartemen_c5158/q-rumah?filter=type_eq_rumah,jakpus
https://www.olx.co.id/menteng_g5000478/dijual-rumah-apartemen_c5158/q-rumah?filter=type_eq_rumah,jakpus
https://www.olx.co.id/kemayoran_g5000477/dijual-rumah-apartemen_c5158/q-rumah?filter=type_eq_rumah,jakpus
https://www.olx.co.id/tanah-abang_g5000481/dijual-rumah-apartemen_c5158/q-rumah?filter=type_eq_rumah,jakpus
https://www.olx.co.id/senen_g5000480/dijual-rumah-apartemen_c5158/q-rumah?filter=type_eq_rumah,jakpus
https://www.olx.co.id/johar-baru_g5000476/dijual-rumah-apartemen_c5158/q-rumah?filter=type_eq_rumah,jakpus
https://www.olx.co.id/gambir_g5000475/dijual-rumah-apartemen_c5158/q-rumah?filter=type_eq_rumah,jakpus
https://www.olx.co.id/sawah-besar_g5000479/dijual-rumah-apartemen_c5158/q-rumah?filter=type_eq_rumah,jakpus
