perumahan,kota,latitude,longitude
Bintaro Jaya Sektor 2,Jakarta Selatan,-6.27810835,106.7521823978
Buaran Regency,Jakarta Timur,-6.2321166,106.9250933
Casa Permata Hijau,Jakarta Selatan,-6.221427,106.7832498
Cempaka Residence,Jakarta Selatan,-6.2918284,106.7779469
Green Lake City,Jakarta Barat,-6.1774769,106.71127
Green Lontar,Jakarta Selatan,-6.3646906,106.7982526
Griya Sadar 2,Jakarta Selatan,-6.3310086,106.812809
Madja Residence,Jakarta Selatan,-6.2668151,106.7988886
Nusa Indah Residence Jagakarsa,Jakarta Selatan,-6.3299483,106.8194226
Perdatam Raya,Jakarta Selatan,-6.2494708,106.8428383
Permata Residence Jagakarsa,Jakarta Selatan,-6.29994455,106.84108095
Pesona Fajar Ciracas,Jakarta Timur,-6.31446225,106.876708521161
Pondok Kelapa Village,Jakarta Timur,-6.2384157,106.9407183
Puri Palem Indah,Jakarta Selatan,-6.2749874,106.7624953
River Valley Residence,Jakarta Selatan,-6.3004577,106.7723961
Rukem Jaya,Jakarta Timur,-6.179242,106.9622276
Setu Indah,Jakarta Timur,-6.3179765,106.91508281094
The Royal Residence,Jakarta Timur,-6.1961427,106.9608904
Tni Ad,Jakarta Timur,-6.25895175,106.89236785657
Villa Pratama Pesanggrahan,Jakarta Selatan,-6.2363983,106.7558844
101 Residence,Jakarta Selatan,-6.30651645,106.807300209863
7h Residence,Jakarta Timur,-6.3116895,106.8726692
8th Residence,Jakarta Timur,-6.3116895,106.8726692
99 Residence,Jakarta Selatan,-6.30651645,106.807300209863
Abadi,Jakarta Timur,-6.3153854,106.8912165
Agung 88 Residence,Jakarta Selatan,-6.2061589,106.837386324195
Agung Barat,Jakarta Utara,-6.1413062,106.8599106
Agung Melati Residence,Jakarta Selatan,-6.32254815,106.8393631
Agung Perkasa,Jakarta Utara,-6.1406501,106.8724094
Agung Permai,Jakarta Utara,-6.1398783,106.8648791
Akbar Residence,Jakarta Timur,-6.3525709,106.8951608
Al Pangkalan Jati,Jakarta Selatan,-6.3209262,106.7937
Alam Aselih Residence,Jakarta Selatan,-6.3484148,106.7966164
Alam Asri,Jakarta Selatan,-6.2774872,106.7807457
Alam Segar,Jakarta Selatan,-6.2693072,106.7793705
Alexandria 2,Jakarta Timur,-6.3428017,106.887478
Alexandria Cipayung,Jakarta Timur,-6.3428017,106.887478
Alexandria City,Jakarta Timur,-6.3428017,106.887478
Alkesa Residence,Jakarta Selatan,-6.3330732,106.8286748
Ambasador Park,Jakarta Selatan,-6.2238717,106.826879492738
Ampera Jakarta Selatan,Jakarta Selatan,-6.2805613,106.8197315
Ancol Timur,Jakarta Utara,-6.125805,106.8517536
Aneka Elok,Jakarta Timur,-6.2228757,106.8907055
Angkasa Pura,Jakarta Pusat,-6.157488,106.8542418
Angkatan Darat Jatiwaringin,Jakarta Timur,-6.30715805,106.879912796617
Annur Residence,Jakarta Selatan,-6.31997795,106.817996429837
Antasari Residence,Jakarta Selatan,-6.3016146,106.803564
Arden Residence,Jakarta Selatan,-6.30651645,106.807300209863
Arlin Indah,Jakarta Timur,-6.2208533,106.9213866
Arsa Residence,Jakarta Timur,-6.2750737,106.841520119639
Artha Kencana,Jakarta Timur,-6.3364163,106.9043327
Arwana Residence,Jakarta Utara,-6.1397438,106.795461
Aselih Hill,Jakarta Selatan,-6.3528875,106.8002643
Asem Baris,Jakarta Selatan,-6.2336733,106.859947
Asri Munjul,Jakarta Timur,-6.3423276,106.9125334
Asuransi,Jakarta Timur,-6.2297883,106.8744147
Asya,Jakarta Timur,-6.1461376,106.7326495
Atmaya Residence,Jakarta Selatan,-6.2811227,106.8087451
Auri,Jakarta Pusat,-6.1860298,106.8154102
Bagus Residence,Jakarta Selatan,-6.3025848,106.8355604
Bahtera Permai,Jakarta Utara,-6.1083311,106.7576568
Baladewa Residence,Jakarta Timur,-6.2284236,106.9101081
Bamboo Residence,Jakarta Selatan,-6.2185042,106.8259285
Bambu Apus Village,Jakarta Timur,-6.31379215,106.900130113192
Bambu Hijau Residence,Jakarta Timur,-6.3250498,106.9048148
Bambu Petung Residence,Jakarta Timur,-6.3225272,106.9044886
Bambu Wulung,Jakarta Timur,-6.318313,106.905266
Bangdes,Jakarta Selatan,-6.2706899,106.8457891
Bangun Cipta,Jakarta Timur,-6.2933202,106.8748886
Bangun Cipta Sarana,Jakarta Timur,-6.1734257,106.9075585
Bangun Cipta Sarana,Jakarta Utara,-6.1734257,106.9075585
Bank,Jakarta Selatan,-6.28381815,106.804863491948
Bank Mandiri,Jakarta Selatan,-6.2436773,106.8036157
Bappenas,Jakarta Selatan,-6.2265168,106.8210035
Basuki Residence,Jakarta Timur,-6.2248454,106.8687281
Batan,Jakarta Selatan,-6.2964127,106.8396565
Batavia,Jakarta Selatan,-6.28381815,106.804863491948
Batu Ampar Condet,Jakarta Timur,-6.27976635,106.857788309184
Batu Ampar Residence,Jakarta Timur,-6.2785032,106.8623521
Batu Belah,Jakarta Selatan,-6.3480572,106.8078935
Batu Ceper,Jakarta Pusat,-6.1630756,106.8200452
Batu Residence,Jakarta Selatan,-6.2265161,106.8418762
Batu Tulis,Jakarta Pusat,-6.1637539,106.8267691
Bcs Golf Rawamangun,Jakarta Timur,-6.20028015,106.876617646834
Bdn,Jakarta Barat,-6.157943,106.774520233634
Bea Cukai,Jakarta Timur,-6.204538,106.878132668103
Bea Cukai,Jakarta Utara,-6.124499,106.8103595
Belimbing Residence,Jakarta Selatan,-6.3330724,106.8243272
Benda,Jakarta Selatan,-6.2790645,106.8146047
Benhil,Jakarta Pusat,-6.2094589,106.8123667
Berlian Ciganjur Residence,Jakarta Selatan,-6.2968967,106.8005326
Bermis Gading,Jakarta Utara,-6.1781942,106.8987496
Bhakti Cilandak,Jakarta Selatan,-6.3071671,106.8082945
Bhineka Residence,Jakarta Timur,-6.3203311,106.8750282
Bhinneka,Jakarta Timur,-6.2982203,106.8938706
Billy Moon,Jakarta Timur,-6.2480321,106.9291752
Bina Marga,Jakarta Selatan,-6.2531871,106.7791573
Bina Marga,Jakarta Timur,-6.3185776,106.8904253
Bintaro Paradise,Jakarta Selatan,-6.2682262,106.7648364
Blok M,Jakarta Selatan,-6.2445645,106.7982385
Blossom Residence,Jakarta Utara,-6.1508033,106.8547527
Bni 46,Jakarta Barat,-6.1669464,106.795798559839
Bni 46,Jakarta Selatan,-6.20837665,106.8439853
Bojong Indah,Jakarta Barat,-6.1597769,106.7372417
Bojong Residence,Jakarta Barat,-6.161271,106.7320292
Bona Indah Garden,Jakarta Selatan,-6.3005918,106.78273978034
Bonavista Residence,Jakarta Selatan,-6.2976718,106.7832141
Bpk,Jakarta Barat,-6.1723422,106.787855176042
Bpk Ii,Jakarta Barat,-6.1723422,106.787855176042
Bpk Iii,Jakarta Barat,-6.1954387,106.7700242
Bpkp Rawasari,Jakarta Pusat,-6.1921741,106.8740372
Bpp,Jakarta Utara,-6.124969,106.919576
Bps,Jakarta Timur,-6.23340425,106.938987468978
Bri,Jakarta Selatan,-6.28381815,106.804863491948
Brigif Kalisari,Jakarta Timur,-6.3441501,106.8020981
Btn,Jakarta Barat,-6.1310822,106.7340446
Buaran,Jakarta Timur,-6.2275704,106.9240442
Buaran Sakti,Jakarta Timur,-6.2185217,106.9184147
Bukit Indah,Jakarta Selatan,-6.3101167,106.8098878
Bukit Mas,Jakarta Selatan,-6.20026245,106.751200025293
Bukit Permai,Jakarta Timur,-6.216989,106.8606806
Bukit Pratama,Jakarta Selatan,-6.2950577,106.7682085
Bulak Ringin,Jakarta Timur,-6.3500651,106.8728334
Bulog,Jakarta Timur,-6.1885375,106.8793901
Bumi Cengkareng Indah,Jakarta Barat,-6.1391499,106.7357644
Bumi Karang Indah,Jakarta Selatan,-6.3062625,106.7820744
Bumi Malaka Asri,Jakarta Timur,-6.21749825,106.925250540327
Buncit Indah,Jakarta Selatan,-6.2743315,106.8302814
Buncit Persada,Jakarta Selatan,-6.2659578,106.829271
Bunga Cempaka,Jakarta Selatan,-6.2686959,106.8072405
Bungur,Jakarta Pusat,-6.1716937,106.848103410893
Buni Residence,Jakarta Timur,-6.3442105,106.8957225
Cakra Residence,Jakarta Timur,-6.2316676,106.8881095
Camar Indah,Jakarta Utara,-6.1264182,106.756667
Carina Sayang,Jakarta Barat,-6.16537865,106.744944953737
Carina Sayang,Jakarta Utara,-6.1282522,106.7931918
Carina Sayang Ii,Jakarta Utara,-6.1287524,106.7936109
Casa Andara,Jakarta Selatan,-6.3139096,106.8037096
Casa Goya Park Residence,Jakarta Barat,-6.1992421,106.7808101
Casa Kemang,Jakarta Selatan,-6.26471395,106.81335066783
Casa Pepaya,Jakarta Selatan,-6.3205877,106.8172896
Casa Royal Town House,Jakarta Selatan,-6.2718292,106.8067632
Casa Setu Babakan,Jakarta Selatan,-6.3415676,106.819465
Casa Verde,Jakarta Selatan,-6.21409495,106.832343609098
Ceger Cipayung,Jakarta Timur,-6.31250945,106.889885285012
Ceger Permai,Jakarta Timur,-6.3174484,106.8923669
Ceger Residence,Jakarta Timur,-6.3130259,106.8905229
Cemara Residence,Jakarta Selatan,-6.2995,106.8155964
Cempaka Baru,Jakarta Pusat,-6.1677049,106.8619785
Cempaka Putih Indah,Jakarta Pusat,-6.1856595,106.8681195
Cempaka Putih Permai,Jakarta Pusat,-6.1719654,106.8659423
Cendrawasih,Jakarta Barat,-6.1453565,106.7250446
Cengkareng Indah,Jakarta Barat,-6.1391499,106.7357644
Cengkareng Residence,Jakarta Barat,-6.1490933,106.734781
Cengkir Timur,Jakarta Utara,-6.1683682,106.9061111
Cibubur Ciracas Jakarta Timur,Jakarta Timur,-6.3561085,106.883562967182
Cibubur Indah 2,Jakarta Timur,-6.3601442,106.8888461
Cikini,Jakarta Selatan,-6.25312895,106.833406227896
Cilandak  Kko,Jakarta Selatan,-6.307451,106.8138837
Cilandak Barat,Jakarta Selatan,-6.290266,106.796215118655
Cilandak Green Hill,Jakarta Selatan,-6.28381815,106.804863491948
Cilandak Permai,Jakarta Selatan,-6.2969459,106.8016606
Cilandak Tengah,Jakarta Selatan,-6.2863537,106.8004574
Cilangkap Baru Residence,Jakarta Timur,-6.3412094,106.9094329
Cipayung Garden,Jakarta Timur,-6.3293992,106.903738912405
Cipayung Indah,Jakarta Timur,-6.30871185,106.899830842946
Cipedak Residence,Jakarta Selatan,-6.3518261,106.8016288
Cipedak Rose,Jakarta Selatan,-6.3518261,106.8016288
Cipinang Elok 1,Jakarta Timur,-6.2251815,106.8859189
Cipinang Elok 2,Jakarta Timur,-6.2253219,106.886218
Cipinang Indah,Jakarta Timur,-6.2324793,106.8914004
Cipinang Indah 2,Jakarta Timur,-6.2294896,106.8908292
Cipinang Jaya,Jakarta Timur,-6.2136709,106.8898123
Cipinang Lontar Indah,Jakarta Timur,-6.2152727,106.89090918646
Cipta Residence,Jakarta Selatan,-6.247309,106.8431966
Cipulir Permai,Jakarta Selatan,-6.2332053,106.7679557
Ciracas Family Residence,Jakarta Timur,-6.3405996,106.8801431
Ciracas River,Jakarta Timur,-6.3296346,106.876603925069
Ciracas Riverside,Jakarta Timur,-6.3261105,106.8751366
Cirendeu Permai,Jakarta Selatan,-6.28974,106.7686103
Citra,Jakarta Barat,-6.1880484,106.8068024
Citra 8,Jakarta Barat,-6.1880484,106.8068024
Citra Bagus,Jakarta Selatan,-6.2950343,106.8375105
Citra Dukuh Residence,Jakarta Timur,-6.2705876,106.871437522762
Citra Garden,Jakarta Barat,-6.1880484,106.8068024
Crown Golf,Jakarta Utara,-6.1127258,106.7423902
Crown Mansion,Jakarta Utara,-6.1146879,106.7376299
Crystal @ Blok M,Jakarta Selatan,-6.2445645,106.7982385
D'17 Residence,Jakarta Timur,-6.2536812,106.9154109
D'east Residence,Jakarta Timur,-6.2937335,106.855904
Daan Mogot Baru,Jakarta Barat,-6.1556897,106.7505695
Daan Mogot Cengkareng,Jakarta Barat,-6.1602098,106.7271658
Daan Mogot Estate,Jakarta Barat,-6.1584548,106.7640873
Daksinapati,Jakarta Timur,-6.1951584,106.8773389
Dalang Residence,Jakarta Timur,-6.3454778,106.898716
Damai Residence,Jakarta Timur,-6.3048237,106.9155595
Damar Residence,Jakarta Timur,-6.2000052,106.9401714
Danau Indah,Jakarta Utara,-6.1487686,106.8772758
Ddn I,Jakarta Selatan,-6.3129259,106.7934347
Ddn Ii,Jakarta Selatan,-6.3129259,106.7934347
Delima,Jakarta Selatan,-6.3405576,106.8296863
Departemen Agama,Jakarta Barat,-6.1551208,106.761253110071
Departemen Agama,Jakarta Selatan,-6.1551208,106.761253110071
Departemen Dalam Negeri,Jakarta Timur,-6.369659,106.901066457882
Departemen Kesehatan,Jakarta Timur,-6.2241938,106.8329011
Departemen Keuangan,Jakarta Timur,-6.2469995,106.9184323
Departemen Perhubungan,Jakarta Barat,-6.1234803,106.9201489
Departemen Pertanian,Jakarta Selatan,-6.28369135,106.843531329378
Depkes,Jakarta Pusat,-6.19700475,106.843652148309
Deplu,Jakarta Selatan,-6.273095,106.7713011
Deplu Bintaro,Jakarta Selatan,-6.273095,106.7713011
Deplu Gandaria Selatan,Jakarta Selatan,-6.2732624,106.7662612
Depsos Bintaro,Jakarta Selatan,-6.2589072,106.7630071
Dermaga Indah,Jakarta Timur,-6.2186504,106.9066449
Dharma Puri,Jakarta Timur,-6.1695203,106.7090758
Dharmawangsa,Jakarta Selatan,-6.2533599,106.8052625
Dki Cipayung,Jakarta Timur,-6.34291705,106.909424942111
Dki Joglo,Jakarta Barat,-6.22312495,106.735656189416
Dki Sunter Agung,Jakarta Utara,-6.1391346,106.870525815902
Dki Sunter Jaya 1,Jakarta Utara,-6.1534711,106.8725168
Dki Sunter Jaya 2,Jakarta Utara,-6.15345835,106.871378818566
Dolog Jaya,Jakarta Timur,-6.2473423,106.915615
Dpa,Jakarta Barat,-6.20123,106.792825146969
Dpr 1,Jakarta Barat,-6.2129753,106.7323065
Dpr 2,Jakarta Barat,-6.19668,106.784243024727
Dpr 3,Jakarta Barat,-6.19668,106.784243024727
Dpr 4,Jakarta Barat,-6.19668,106.784243024727
Dpr Kelapa Dua,Jakarta Barat,-6.2057502,106.7683128
Dpr Ri Kemanggisan,Jakarta Barat,-6.19668,106.784243024727
Dpr Ri Pribadi,Jakarta Barat,-6.2188115,106.7369181
Dprd,Jakarta Timur,-6.3631778,106.8933356
Dps Ii,Jakarta Pusat,-6.1876393,106.8577265
Duren Sawit Baru,Jakarta Timur,-6.2323862,106.9143137
Duren Sawit Jakarta Timur,Jakarta Timur,-6.2341378,106.919247235137
Duren Sawit Residence,Jakarta Timur,-6.235992,106.9166626
Duren Tiga Private Home,Jakarta Selatan,-6.2559452,106.8341575
Duren Tiga Residence,Jakarta Selatan,-6.2559452,106.8341575
Duta Harapan,Jakarta Barat,-6.2088856,106.82947320549
Duta Harapan Indah,Jakarta Utara,-6.1379978,106.7717167
Duta Niaga,Jakarta Selatan,-6.2871982,106.7797665
Duta Square,Jakarta Barat,-6.1475873,106.781540422612
Ebony Golf,Jakarta Utara,-6.1045969,106.7461571
Elang Laut Residence,Jakarta Utara,-6.126918,106.7505058
Elang Malindo,Jakarta Timur,-6.2546563,106.9171958
Executive Paradise,Jakarta Selatan,-6.2084117,106.8225199
Fajar Baru,Jakarta Barat,-6.1449321,106.7291141
Film Residence,Jakarta Selatan,-6.3222392,106.8122638
Flamboyan Baru,Jakarta Barat,-6.1318235,106.7262714
Flamboyan Residence,Jakarta Selatan,-6.2285115,106.8401442
Fortune Residence,Jakarta Selatan,-6.3533878,106.801750426574
Gabus Raya,Jakarta Selatan,-6.299036,106.8361723
Gading Arcadia,Jakarta Utara,-6.1644663,106.9171987
Gading Ayu,Jakarta Utara,-6.1463511,106.9115893
Gading Cipta Residence,Jakarta Utara,-6.1760908,106.9122139
Gading Eight Residence,Jakarta Utara,-6.14550695,106.902114060441
Gading Elok Timur,Jakarta Utara,-6.1625303,106.9047426
Gading Grande,Jakarta Utara,-6.1604484,106.915104
Gading Griya Lestari,Jakarta Utara,-6.1413126,106.9164977
Gading Griya Residence,Jakarta Utara,-6.1410815,106.9156126
Gading Harmony,Jakarta Utara,-6.1647579,106.9001318
Gading Kirana,Jakarta Utara,-6.1477542,106.8994665
Gading Kusuma,Jakarta Utara,-6.1733463,106.9071133
Gading Mas,Jakarta Utara,-6.1667362,106.9137533
Gading Mas Barat,Jakarta Utara,-6.1665903,106.9095308
Gading Mas Raya,Jakarta Utara,-6.1668838,106.9093082
Gading Nirwana,Jakarta Utara,-6.1487039,106.9131631
Gading Park View,Jakarta Utara,-6.1655143,106.9126528
Gading Permai,Jakarta Utara,-6.1483507,106.8904772
Gading Residence,Jakarta Utara,-6.14550695,106.902114060441
Gading Riviera,Jakarta Utara,-6.1472776,106.9142727
Gading Riviera Ii,Jakarta Utara,-6.147579,106.9140611
Gading Surya,Jakarta Utara,-6.1672135,106.9090179
Gading Viera,Jakarta Timur,-6.2092749,106.8820703
Gaharu Terrace,Jakarta Selatan,-6.279385,106.8048989
Galaxy City,Jakarta Timur,-6.2200881,106.905608
Gallery Residence,Jakarta Selatan,-6.2170847,106.8346099
Gandaria,Jakarta Selatan,-6.24478835,106.790033580788
Gandaria Residence,Jakarta Selatan,-6.2450525,106.788328924387
Gandaria Selatan,Jakarta Selatan,-6.2715615,106.795171711447
Garden House,Jakarta Utara,-6.136197,106.900690224284
Garden Imperial,Jakarta Utara,-6.1591094,106.9243697
Garden Island,Jakarta Utara,-6.136197,106.900690224284
Garden Kecapi,Jakarta Selatan,-6.3222379,106.8207537
Gardenia Residence,Jakarta Timur,-6.3140096,106.8800876
Gardenia Village Cibubur,Jakarta Timur,-6.355161,106.8807665
Garuda,Jakarta Barat,-6.1933695,106.7951682
Garuda,Jakarta Selatan,-6.26502475,106.8402604
Golf Island,Jakarta Utara,-6.1127258,106.7423902
Graha Baru,Jakarta Selatan,-6.2576935,106.7688385
Graha Malaka,Jakarta Timur,-6.13434865,106.809631674794
Graha Pejaten,Jakarta Selatan,-6.2750737,106.841520119639
Grand Alexandria,Jakarta Timur,-6.3428017,106.887478
Grand Halim Residence,Jakarta Timur,-6.2459567,106.8834078
Grand Jagakarsa,Jakarta Selatan,-6.3301011,106.822237122883
Grand Kartika,Jakarta Timur,-6.1754499,106.9697601
Grand Lenteng,Jakarta Selatan,-6.3219799,106.8357131
Grand Mahakam,Jakarta Selatan,-6.24435305,106.795489497264
Grand Mahakam 55,Jakarta Selatan,-6.24435305,106.795489497264
Grand Malaka,Jakarta Utara,-6.1494786,106.955074
Grand Marina,Jakarta Utara,-6.136197,106.900690224284
Grand Orchard,Jakarta Utara,-6.136197,106.900690224284
Grand Permata Jagakarsa,Jakarta Selatan,-6.29994455,106.84108095
Grand Permata Townhouse,Jakarta Selatan,-6.2162492,106.7784395
Grand Wijaya Bintaro,Jakarta Selatan,-6.2681624,106.758832966817
Grawisa,Jakarta Barat,-6.15122875,106.773163058472
Green Court,Jakarta Barat,-6.16156235,106.743891240277
Green Garden,Jakarta Barat,-6.1655996,106.7628813
Green Garden,Jakarta Utara,-6.136197,106.900690224284
Green Harapan,Jakarta Selatan,-6.3347572,106.8371705
Green Jambore,Jakarta Timur,-6.3707841,106.8945869
Green Kalisari,Jakarta Timur,-6.3360796,106.852973382004
Green Kebagusan,Jakarta Selatan,-6.30910505,106.831976019477
Green Kramat Jati,Jakarta Timur,-6.2749404,106.862501350589
Green La,Jakarta Selatan,-6.28381815,106.804863491948
Green Mansion,Jakarta Barat,-6.15618265,106.763876596349
Green Mutiara Ciracas,Jakarta Timur,-6.30519385,106.874992402163
Green Permata,Jakarta Selatan,-6.2307454,106.8470513
Green Permata Srengseng,Jakarta Barat,-6.2181565,106.7628267
Green Puri,Jakarta Barat,-6.1778517,106.7115073
Green Residence,Jakarta Timur,-6.2200881,106.905608
Green Sedayu Biz Park,Jakarta Barat,-6.15497275,106.692348438071
Green Sekar Arum,Jakarta Timur,-6.3326745,106.8853801
Green Sirsak,Jakarta Selatan,-6.3357259,106.8231789
Green Swadarma,Jakarta Selatan,-6.2375858,106.7609487
Green Village,Jakarta Barat,-6.16156235,106.743891240277
Green Village,Jakarta Timur,-6.26289085,106.882228946928
Griya 29,Jakarta Timur,-6.3378986,106.8514628
Griya Cempaka,Jakarta Timur,-6.1344856,106.8553318
Griya Cipayung,Jakarta Timur,-6.3378986,106.8514628
Griya Cipedak,Jakarta Selatan,-6.3237708,106.8238476
Griya Gading Lestari,Jakarta Utara,-6.1412529,106.9162759
Griya Gedong,Jakarta Timur,-6.3378986,106.8514628
Griya Indah,Jakarta Barat,-6.1681003,106.712048
Griya Inti Sentosa,Jakarta Utara,-6.1401492,106.8546542
Griya Jagakarsa Residence,Jakarta Selatan,-6.3237708,106.8238476
Griya Joglo,Jakarta Barat,-6.2483047,106.7473161
Griya Rambutan,Jakarta Timur,-6.3378986,106.8514628
Griya Sadar 1,Jakarta Selatan,-6.3310086,106.812809
Griya Semanan,Jakarta Barat,-6.1681003,106.712048
Griya Swadaya,Jakarta Selatan,-6.3310086,106.812809
Gudang Peluru,Jakarta Selatan,-6.2302509,106.8599207
H. Anang,Jakarta Timur,-6.3584738,106.8746901
Hang Jebat,Jakarta Selatan,-6.2367616,106.7949508
Harapan Indah,Jakarta Timur,-6.30283465,106.895301594891
Harapan Indah,Jakarta Selatan,-6.2745805,106.7660313
Hii Kelapa Gading,Jakarta Utara,-6.1777498,106.9042929
Ikpn Bintaro,Jakarta Selatan,-6.2602191,106.770262
Imigrasi,Jakarta Timur,-6.25771905,106.883739831618
Imperial Gading,Jakarta Utara,-6.159121,106.9278891
Intercon,Jakarta Barat,-6.1977554,106.747823979786
Interkota Indah,Jakarta Barat,-6.1659216,106.7239298
Jagakarsa City,Jakarta Selatan,-6.3301011,106.822237122883
Jagakarsa Indah,Jakarta Selatan,-6.3339631,106.822358365383
Jagakarsa Raya,Jakarta Selatan,-6.3247665,106.8194219
Jagakarsa Residence,Jakarta Selatan,-6.3247665,106.8194219
Jak,Jakarta Timur,-6.1395614,106.8568991
Jakarta Garden City,Jakarta Barat,-6.1709659,106.9464174
Jakarta Garden City,Jakarta Selatan,-6.28381815,106.804863491948
Jakarta Garden City,Jakarta Timur,-6.1786785,106.95921958417
Jambore Cibubur Village,Jakarta Timur,-6.3542513,106.8886906
Jambu Misan,Jakarta Timur,-6.3470893,106.894004
Jambu Residence,Jakarta Selatan,-6.3108637,106.8402889
Janur Asri,Jakarta Utara,-6.1452417,106.9057716
Janur Elok Residence,Jakarta Utara,-6.1505193,106.9087207
Janur Hijau,Jakarta Utara,-6.120848,106.8983761
Janur Indah,Jakarta Utara,-6.158727,106.9038347
Janur Kuning Residence,Jakarta Utara,-6.122271,106.8975628
Janur Village,Jakarta Timur,-6.2028772,106.8674857
Jati Padang Baru,Jakarta Selatan,-6.3178481,106.838328
Jati Padang Residence,Jakarta Selatan,-6.2872405,106.8305449
Jatinegara Baru,Jakarta Timur,-6.2149761,106.8703405
Jatinegara Indah,Jakarta Timur,-6.1987635,106.928080780953
Jaya 6,Jakarta Barat,-6.1539116,106.7883809
Jelambar Grogol,Jakarta Barat,-6.1598968,106.785487803761
Jeruk Residence,Jakarta Selatan,-6.2297552,106.7565118
Jervois Park Residence,Jakarta Selatan,-6.3005313,106.828577
Joe Residence,Jakarta Selatan,-6.3193818,106.8332861
Joglo Baru,Jakarta Barat,-6.2186117,106.7206317
Joglo Residence,Jakarta Barat,-6.2197819,106.737935
Johar Golf,Jakarta Utara,-6.107393,106.7434679
Kahfi Residence,Jakarta Selatan,-6.3430661,106.8043332
Kaisar City,Jakarta Selatan,-6.2531916,106.841638576687
Kaisar Residence,Jakarta Selatan,-6.2531916,106.841638576687
Kaja Residence,Jakarta Timur,-6.3312029,106.881204
Kalibata Residence,Jakarta Selatan,-6.2623624,106.8402824
Kalideres Permai,Jakarta Barat,-6.1484927,106.7053819
Kalila Residence,Jakarta Selatan,-6.2834349,106.811245955556
Kalisari,Jakarta Timur,-6.3360796,106.852973382004
Kamal Raya Residence,Jakarta Barat,-6.1050428,106.7175536
Kampung Artis,Jakarta Timur,-6.32878655,106.890053687005
Kano Indah,Jakarta Utara,-6.109666,106.7553069
Karang Pola,Jakarta Selatan,-6.287308,106.8327689
Kartika Jaya,Jakarta Timur,-6.25935425,106.755824302921
Kartini,Jakarta Pusat,-6.15308535,106.833448072926
Katamaran Indah,Jakarta Utara,-6.1122899,106.7637741
Katamaran Permai,Jakarta Utara,-6.1116056,106.7598451
Kav Dki,Jakarta Barat,-6.2056446,106.732898
Kav Dki,Jakarta Timur,-6.3142362,106.8157044
Kavling Bri,Jakarta Barat,-6.1582862,106.779976183785
Kavling Dki,Jakarta Selatan,-6.3330866,106.8151861
Kavling Dki Pondok Kelapa,Jakarta Timur,-6.2392568,106.9343261
Kavling Dprd Cibubur,Jakarta Timur,-6.3631778,106.8933356
Kavling Hankam,Jakarta Barat,-6.2232031,106.7294148
Kavling Polri,Jakarta Barat,-6.1582862,106.779976183785
Kayu Putih,Jakarta Pusat,-6.1840968,106.8696289
Kayu Putih Indah,Jakarta Timur,-6.1842042,106.8989796
Kayu Putih Residence,Jakarta Timur,-6.1790057,106.8836752
Kebagusan Terrace,Jakarta Selatan,-6.30910505,106.831976019477
Kebayoran Lama,Jakarta Selatan,-6.24912775,106.777781783228
Kebayoran Villas,Jakarta Selatan,-6.2553149,106.7790703
Kebersihan,Jakarta Timur,-6.22595275,106.90188949921
Kebon Jeruk Baru,Jakarta Barat,-6.1902926,106.7736031
Kebon Jeruk Indah,Jakarta Barat,-6.2001241,106.7621771
Kebon Jeruk Indah Utama,Jakarta Barat,-6.2001241,106.7621771
Kebon Kacang,Jakarta Pusat,-6.19060905,106.815765194016
Kecapi Residence,Jakarta Selatan,-6.3222379,106.8207537
Kedoya Garden,Jakarta Barat,-6.16782015,106.760638389312
Kehakiman,Jakarta Pusat,-6.19195935,106.86091825543
Kehakiman,Jakarta Selatan,-6.2255537,106.881137
Kehakiman,Jakarta Timur,-6.2255537,106.881137
Kejaksaan Agung,Jakarta Selatan,-6.2400631,106.796267105308
Kelapa Cengkir Timur,Jakarta Utara,-6.1683682,106.9061111
Kelapa Gading Jakarta Utara,Jakarta Utara,-6.15993785,106.902482576343
Kelapa Gading Pratama,Jakarta Utara,-6.12779455,106.907147937129
Kelapa Hijau Residence,Jakarta Selatan,-6.3280596,106.8257663
Kelapa Kopyor,Jakarta Utara,-6.1689811,106.901276
Kelapa Muda Residence,Jakarta Selatan,-6.3259313,106.8283343
Kelinci Residence,Jakarta Selatan,-6.3404664,106.8023205
Kemang Barat,Jakarta Selatan,-6.2597849,106.8186139
Kemang Club Villas,Jakarta Selatan,-6.2641341,106.8221337
Kemang Dalam,Jakarta Selatan,-6.2673602,106.8208113
Kemang House,Jakarta Selatan,-6.26471395,106.81335066783
Kemang Six Residence,Jakarta Selatan,-6.24684095,106.814296566241
Kemang Utara,Jakarta Selatan,-6.2581615,106.8205048
Kemang Village Cipete,Jakarta Selatan,-6.2569178,106.8101607
Kembangan Baru,Jakarta Barat,-6.1705159,106.7488487
Kenanga Residence,Jakarta Selatan,-6.2138545,106.7929433
Kencana Permai,Jakarta Selatan,-6.2768234,106.7835301
Kencana Raya,Jakarta Barat,-6.1273448,106.7272468
Kepa Duri,Jakarta Barat,-6.1763875,106.773693231233
Kepa Duri Mas,Jakarta Barat,-6.1744343,106.7682293
Kerinci,Jakarta Selatan,-6.2392421,106.7870617
Keuangan,Jakarta Selatan,-6.2891183,106.7926589
Keuangan Cilandak,Jakarta Selatan,-6.2864535,106.7942558
Keuangan Menteng,Jakarta Selatan,-6.16789215,106.838372603447
Khair Residence,Jakarta Selatan,-6.3038902,106.8184322
Kijang Kencana,Jakarta Barat,-6.1932445,106.7897286
Kimia Farma 2,Jakarta Timur,-6.204929,106.8582723
Kinaya Residence,Jakarta Selatan,-6.29315375,106.7996358
Kirana Residence,Jakarta Timur,-6.2042791,106.9590006
Klingkit Permai,Jakarta Barat,-6.1628601,106.7440348
Kodam,Jakarta Timur,-6.3141213,106.891774131339
Kodam Bintaro,Jakarta Selatan,-6.2596782,106.7578237
Kokar Ad,Jakarta Selatan,-6.228747,106.8431716
Komplek Bumi,Jakarta Barat,-6.1739973,106.7917094
Koperasi,Jakarta Selatan,-6.3033772,106.8487001
Kopkamtib,Jakarta Barat,-6.2191239,106.7270927
Kopti,Jakarta Timur,-6.3077458,106.9207305
Kopyor Timur Kelapa Gading,Jakarta Utara,-6.1689811,106.901276
Kosambi Baru,Jakarta Barat,-6.1695653,106.7210039
Kosambi Residence,Jakarta Barat,-6.169519,106.7230488
Kostrad,Jakarta Selatan,-6.2324007,106.7572606
Kpad Joglo,Jakarta Barat,-6.216833,106.7278606
Kresek Indah,Jakarta Barat,-6.1769045,106.7092392
Kresek Indah 2,Jakarta Barat,-6.1784244,106.7163448
Kumbang Residence,Jakarta Timur,-6.270134,106.8619234
Laguna Jagakarsa Residence,Jakarta Selatan,-6.34400195,106.821444130948
Lanata Residence,Jakarta Selatan,-6.3499094,106.795632
Lapan Pekayon,Jakarta Timur,-6.34213885,106.859987651846
Layar,Jakarta Utara,-6.1087917,106.7534468
Layar Permai,Jakarta Utara,-6.1087917,106.7534468
Lebak Bulus Indah,Jakarta Selatan,-6.2977811,106.7817751
Lembaga Administrasi Negara,Jakarta Pusat,-6.16828485,106.826426051944
Lemigas,Jakarta Selatan,-6.2327541,106.7698887
Lenteng Agung Residence,Jakarta Selatan,-6.3230493,106.8362035
Lestari Residence,Jakarta Timur,-6.3329127,106.8511001
Lewa Residence,Jakarta Timur,-6.3380344,106.8644965
Listrik Kemayoran,Jakarta Pusat,-6.2000169,106.8125003
Lodan Center,Jakarta Utara,-6.1254107,106.8127207
Loka Indah,Jakarta Selatan,-6.2625291,106.8281499
Loka Permai,Jakarta Selatan,-6.2289538,106.774332
Long Beach,Jakarta Utara,-6.136197,106.900690224284
Lotus Townhouse,Jakarta Selatan,-6.2761012,106.8423984
Lucky,Jakarta Barat,-6.1581322,106.805661
Mabad,Jakarta Selatan,-6.18575605,106.803103731794
Madja Residence,Jakarta Barat,-6.2157834,106.7277523
Mahkamah Agung,Jakarta Selatan,-6.17037995,106.82642595
Mahkota Residence,Jakarta Selatan,-6.1584809,106.7966425
Mahkota Residence,Jakarta Timur,-6.1793085,106.9689201
Makmur,Jakarta Timur,-6.28353095,106.87775535
Malaka Indah,Jakarta Utara,-6.1514366,106.9603137
Malaka Jaya,Jakarta Utara,-6.2292936,106.9337596
Malaka Permai,Jakarta Utara,-6.1468178,106.9536069
Malaka Residence,Jakarta Timur,-6.3448773,106.8894927
Malaka Terrace,Jakarta Timur,-6.224824,106.935578082571
Malaka Utara,Jakarta Timur,-6.2286028,106.9342205
Mampang Asri,Jakarta Selatan,-6.2526307,106.8245798
Manggar Residence,Jakarta Selatan,-6.3623688,106.8039791
Mansion 8 Cilandak,Jakarta Selatan,-6.2227852,106.846290127442
Margasatwa Baru,Jakarta Selatan,-6.3101799,106.8076578
Marina Coast,Jakarta Utara,-6.1192355,106.82705
Marinir Cilandak,Jakarta Selatan,-6.30613105,106.809418332899
Martimbang V,Jakarta Selatan,-6.233592,106.7898037
Matoa Residence,Jakarta Selatan,-6.350269,106.8061993
Mawar,Jakarta Barat,-6.1521165,106.8075821
Mawar Residence,Jakarta Selatan,-6.2847374,106.764947
Mayang Permai,Jakarta Utara,-6.1195771,106.7608772
Mediterania Boulevard,Jakarta Utara,-6.1100483,106.7643206
Mediterania Resort,Jakarta Utara,-6.1302231,106.872544
Mega Kuningan,Jakarta Selatan,-6.22938695,106.825092918848
Melati Bali,Jakarta Selatan,-6.2149515,106.839642
Melati Kebagusan Residence,Jakarta Selatan,-6.3128468,106.8284099
Melati Lestari Indah,Jakarta Selatan,-6.2954287,106.77643
Melon Residence,Jakarta Timur,-6.1962425,106.9377449
Melrose 2,Jakarta Selatan,-6.2434704,106.8430108
Melrose Townhouse,Jakarta Selatan,-6.2761012,106.8423984
Menteng Jakarta Pusat,Jakarta Pusat,-6.1950265,106.832224199201
Merpati,Jakarta Barat,-6.1561621,106.7760506
Meruya Indah,Jakarta Barat,-6.2022656,106.7406606
Meruya Residence,Jakarta Barat,-6.2157834,106.7277523
Metland Menteng,Jakarta Timur,-6.185746,106.9657502
Metro Alam,Jakarta Selatan,-6.2729162,106.780352
Metro Kencana,Jakarta Selatan,-6.2789852,106.7848774
Migas,Jakarta Barat,-6.1969897,106.786593
Migas 41,Jakarta Barat,-6.1958324,106.7876753
Mira Elok Residence,Jakarta Timur,-6.2283854,106.8863581
Mitra Gading Villa,Jakarta Utara,-6.1505628,106.8885739
Mpr,Jakarta Selatan,-6.2822036,106.8041715
Muhasyim Residence,Jakarta Selatan,-6.2896877,106.7908911
Munggang Residence,Jakarta Timur,-6.2762961,106.8532154
Muslim,Jakarta Selatan,-6.3093122,106.7922525
Mutiara Indah,Jakarta Utara,-6.1548687,106.9627994
Mutiara Jagakarsa Residence,Jakarta Selatan,-6.3291235,106.831980068024
Mutiara Kebagusan Residence,Jakarta Selatan,-6.2794245,106.8093073
Mutiara Kedoya,Jakarta Barat,-6.17688045,106.750537369431
Mutiara Mediterania,Jakarta Utara,-6.1100435,106.78999815729
Mutiara Taman Palem,Jakarta Barat,-6.1420471,106.7325853
Niaga Hijau,Jakarta Selatan,-6.2863609,106.7790792
Nias Raya,Jakarta Utara,-6.1479862,106.8998292
Nirwana Garden,Jakarta Utara,-6.1487039,106.9131631
Noor Residence,Jakarta Selatan,-6.268563,106.8458021
Nuansa Pesanggrahan,Jakarta Selatan,-6.245653,106.7577285
Nusa Indah,Jakarta Selatan,-6.2831476,106.7647691
Nusantara Indah,Jakarta Utara,-6.1569875,106.9576918
Orchard Village,Jakarta Timur,-6.2200881,106.905608
Pakuwon Jelambar,Jakarta Barat,-6.1499608,106.7899989
Palapa,Jakarta Selatan,-6.29046245,106.837698554855
Palem Indah,Jakarta Timur,-6.2449378,106.9378582
Palem Kartika,Jakarta Timur,-6.3123718,106.9002256
Palm Paradise,Jakarta Barat,-6.1374087,106.71260755
Palm Residence,Jakarta Selatan,-6.2369589,106.82487142157
Palmerah Residence,Jakarta Barat,-6.2017259,106.7903346
Pangkalan Jati Baru,Jakarta Selatan,-6.3209262,106.7937
Panglima Polim,Jakarta Selatan,-6.25212805,106.798431729002
Panorama Indah,Jakarta Timur,-6.2999368,106.8606439
Panorama Residence,Jakarta Timur,-6.2999368,106.8606439
Pantai Indah Kapuk,Jakarta Utara,-6.1091924,106.7544228
Pantai Mutiara,Jakarta Utara,-6.1008451,106.795266888492
Park Residence,Jakarta Barat,-6.1528713,106.8969654
Pasadenia Residence,Jakarta Timur,-6.182499,106.88636385
Patra 2,Jakarta Pusat,-6.1798649,106.8754654
Patra Kuningan,Jakarta Selatan,-6.2325531,106.8321603
Pbsi Cipayung,Jakarta Timur,-6.336353,106.8921594
Pearl Golf,Jakarta Utara,-6.1122721,106.7394792
Pejaten Barat,Jakarta Selatan,-6.27265015,106.839343689777
Pejaten Elok,Jakarta Selatan,-6.2745048,106.8336175
Pejaten Indah 1,Jakarta Selatan,-6.2663376,106.8324234
Pejaten Indah 2,Jakarta Selatan,-6.2663376,106.8324234
Pejaten Residence,Jakarta Selatan,-6.2786087,106.8451262
Pejaten Timur,Jakarta Selatan,-6.28023015,106.84751763085
Pejaten Village,Jakarta Selatan,-6.2801864,106.8287068
Pekerjaan Umum,Jakarta Selatan,-6.235945,106.800698697473
Pela Mampang,Jakarta Selatan,-6.24691295,106.81712746666
Pelangi Jingga Residence,Jakarta Utara,-6.175893,106.9139672
Pelangi Nila Residence,Jakarta Utara,-6.1779372,106.9153727
Pelepah Raya,Jakarta Utara,-6.1596253,106.9025923
Pelindo Ii,Jakarta Utara,-6.1036219,106.913576985999
Pemadam Kebakaran,Jakarta Selatan,-6.26979705,106.805217500092
Pemda Dki,Jakarta Timur,-6.2500274,106.884805268985
Pemuda Residence,Jakarta Selatan,-6.2293192,106.7994216
Pengairan,Jakarta Barat,-6.18308405,106.788484019427
Percetakan Negara,Jakarta Pusat,-6.1857448,106.8700875
Percetakan Negara,Jakarta Selatan,-6.1927478,106.856013
Perdagangan,Jakarta Barat,-6.1557654,106.7542617
Perdagangan,Jakarta Selatan,-6.2770736,106.7662981
Perdagangan,Jakarta Utara,-6.17034935,106.889332713599
Perdana Residence,Jakarta Selatan,-6.2440124,106.7557658
Perdatam Ulujami,Jakarta Selatan,-6.2399572,106.7648248
Perhubungan,Jakarta Selatan,-6.2605215,106.7764885
Perhubungan Udara,Jakarta Pusat,-6.190218,106.8714434
Perikanan,Jakarta Selatan,-6.2649075,106.8474351
Perikani,Jakarta Timur,-6.2031224,106.8942073
Perindustrian,Jakarta Selatan,-6.229414,106.81290745576
Permata Berlian,Jakarta Selatan,-6.2232491,106.7842904
Permata Biru,Jakarta Utara,-6.171542,106.8992297
Permata Cengkareng,Jakarta Barat,-6.1224624,106.7123379
Permata Ciganjur Residence,Jakarta Selatan,-6.29994455,106.84108095
Permata Cilandak Residence,Jakarta Selatan,-6.2636515,106.7984912
Permata Hijau 1,Jakarta Selatan,-6.221427,106.7832498
Permata Hijau 2,Jakarta Selatan,-6.2288892,106.7701726
Permata Kalisari,Jakarta Timur,-6.3237368,106.855263
Permata Kebagusan,Jakarta Selatan,-6.29994455,106.84108095
Permata Mediterania,Jakarta Barat,-6.2225451,106.765303
Permata Meruya Residence,Jakarta Barat,-6.1948636,106.7397053
Permata Palmerah Residence,Jakarta Selatan,-6.2220745,106.7862941
Permata Penggilingan,Jakarta Timur,-6.2041638,106.9368335
Permata Puri Media,Jakarta Barat,-6.18013285,106.733036000492
Permata Regency,Jakarta Barat,-6.2084392,106.764194543851
Permata Residence Rorotan,Jakarta Utara,-6.1550207,106.9581559
Permata Senayan Residence,Jakarta Selatan,-6.2218916,106.791198
Permata Srengseng,Jakarta Barat,-6.2207096,106.762596
Permata Taman Palem,Jakarta Barat,-6.1328342,106.7114249
Persahabatan Residence,Jakarta Selatan,-6.349207,106.8082891
Pertambangan,Jakarta Barat,-6.21556075,106.771078460516
Pertambangan,Jakarta Selatan,-6.21556075,106.771078460516
Pertambangan Iii,Jakarta Barat,-6.224283,106.7692692
Pertamina,Jakarta Pusat,-6.17525665,106.84829565022
Pertamina,Jakarta Selatan,-6.2285785,106.83384285
Pertamina,Jakarta Timur,-6.1926454,106.881901504049
Pertamina,Jakarta Utara,-6.1062811,106.7411112
Pertamina Pemuda,Jakarta Timur,-6.1924183,106.882483913567
Pertamina Village,Jakarta Barat,-6.22868095,106.778221773883
Pertanian,Jakarta Timur,-6.21755225,106.896905845407
Pertanian Palapa,Jakarta Selatan,-6.2866872,106.837842714117
Pertiwi Residence,Jakarta Timur,-6.30060245,106.887311293105
Perumkar Dki,Jakarta Timur,-6.2380868,106.9388892
Perumnas Klender,Jakarta Timur,-6.2166631,106.9305607
Pesanggrahan Permai,Jakarta Selatan,-6.2363983,106.7558844
Pesanggrahan Permai Ii,Jakarta Selatan,-6.2367616,106.7553004
Pesona,Jakarta Selatan,-6.2210983,106.833254038609
Pesona Agung,Jakarta Selatan,-6.3333646,106.8580002
Pesona Cipayung,Jakarta Timur,-6.3333646,106.8580002
Pesona Kalisari,Jakarta Timur,-6.3335832,106.8583046
Pesona Residence,Jakarta Selatan,-6.2210983,106.833254038609
Petojo Selatan,Jakarta Pusat,-6.17480065,106.816405449364
Petukangan,Jakarta Selatan,-6.24284515,106.753984946834
Pik 2,Jakarta Utara,-6.1322188,106.756050123783
Pinang Ranti Mansion,Jakarta Timur,-6.2851918,106.8815024
Pinang Residence,Jakarta Selatan,-6.2867907,106.7711849
Pinisi Indah,Jakarta Utara,-6.1202404,106.7575971
Pln,Jakarta Pusat,-6.1971433,106.85091805
Pln,Jakarta Utara,-6.1753345,106.9043443
Pln Duren Tiga,Jakarta Selatan,-6.2539432,106.8339739
Pln Klender,Jakarta Timur,-6.20807915,106.904775501474
Pluit City,Jakarta Utara,-6.1097837,106.785663806741
Pluit Karang Asri,Jakarta Utara,-6.1131478,106.7718873
Pluit Karang Jelita,Jakarta Utara,-6.1149872,106.779279
Pluit Karang Permai,Jakarta Utara,-6.1239074,106.7827152
Pluit Mas,Jakarta Utara,-6.1337756,106.7905783
Pluit Murni,Jakarta Utara,-6.1127358,106.7880204
Pluit Permai,Jakarta Utara,-6.1157135,106.7942271
Pluit Putra,Jakarta Utara,-6.1196415,106.791658
Pluit Putri,Jakarta Utara,-6.1215085,106.7934689
Pluit Timur,Jakarta Utara,-6.1157941,106.7943446
Pmd,Jakarta Selatan,-6.2691531,106.8460508
Polri Duren Tiga,Jakarta Selatan,-6.227202,106.8200523
Polri Munjul,Jakarta Timur,-6.3472146,106.892384013022
Pomad,Jakarta Selatan,-6.2619508,106.8432729
Pondok Bambu Asri,Jakarta Timur,-6.23246,106.898557
Pondok Bambu Residence,Jakarta Timur,-6.2379668,106.9026733
Pondok Baru,Jakarta Timur,-6.3282302,106.8596437
Pondok Dian,Jakarta Timur,-6.2278565,106.941476616853
Pondok Kelapa Gardenia,Jakarta Timur,-6.2422972,106.9333134
Pondok Kelapa Indah,Jakarta Timur,-6.2148505,106.7580303
Pondok Kelapa Malaka Selatan,Jakarta Timur,-6.2360885,106.9270846
Pondok Kelapa Residence,Jakarta Timur,-6.2422972,106.9333134
Pondok Kopi,Jakarta Timur,-6.2278565,106.941476616853
Pondok Kopi Indah,Jakarta Timur,-6.2211906,106.9407678
Pondok Labu,Jakarta Selatan,-6.30914375,106.797938221208
Pondok Labu Garden,Jakarta Selatan,-6.30914375,106.797938221208
Pondok Labu Indah,Jakarta Selatan,-6.2867907,106.7711849
Pondok Ranggon,Jakarta Timur,-6.35670775,106.905687025591
Pp,Jakarta Timur,-6.3030178,106.857285418274
Praji Residence 88,Jakarta Timur,-6.3462811,106.8856651
Premier Riviera,Jakarta Timur,-6.2045134,106.9043891
Prima Indah,Jakarta Barat,-6.1430221,106.8339641
Prima Residence,Jakarta Timur,-6.3329267,106.897823159616
Prisma Kedoya,Jakarta Barat,-6.1938295,106.761055
Pt. Hii,Jakarta Utara,-6.1777498,106.9042929
Ptb Duren Sawit,Jakarta Timur,-6.2210584,106.9107432
Pu,Jakarta Barat,-6.18308405,106.788484019427
Pu Pondok Pinang,Jakarta Selatan,-6.2657691,106.7737493
Pulau Harapan,Jakarta Timur,-6.335202,106.907336
Pulo Gebang Indah,Jakarta Timur,-6.2008712,106.9533593
Pulo Gebang Permai,Jakarta Timur,-6.19514495,106.949201146068
Pulo Indah Permai,Jakarta Barat,-6.1819729,106.7152632
Pulomas Residence,Jakarta Timur,-6.17572495,106.888071097564
Puri Bambu,Jakarta Selatan,-6.2241687,106.8384724
Puri Bunga,Jakarta Selatan,-6.2241687,106.8384724
Puri Cempaka,Jakarta Timur,-6.2039635,106.9073017
Puri Cipayung,Jakarta Timur,-6.3358418,106.8492159
Puri Jaya,Jakarta Timur,-6.2039635,106.9073017
Puri Kedoya,Jakarta Barat,-6.1843498,106.752287144906
Puri Kencana,Jakarta Barat,-6.1909643,106.7460642
Puri Kosambi,Jakarta Barat,-6.18149975,106.729870699072
Puri Malaka,Jakarta Timur,-6.22266935,106.929214904809
Puri Mansion,Jakarta Barat,-6.1823435,106.723364355275
Puri Mutiara,Jakarta Selatan,-6.2785852,106.8121632
Puri Permata,Jakarta Barat,-6.18013285,106.733036000492
Pusdiklat Depnaker,Jakarta Timur,-6.2763998,106.8768034
Puspa Gading,Jakarta Utara,-6.172003,106.9155129
Pusri,Jakarta Barat,-6.1848684,106.790934085752
Pusri,Jakarta Selatan,-6.1848684,106.790934085752
Raisan Residence,Jakarta Selatan,-6.348076,106.7997008
Rambutan Residence,Jakarta Selatan,-6.3526431,106.8236383
Rancho Indah,Jakarta Selatan,-6.3057437,106.8503264
Rasa Sayang,Jakarta Barat,-6.1600429,106.7694023
Rasela Vi,Jakarta Pusat,-6.1483678,106.8388012
Rawa Bambu 1,Jakarta Selatan,-6.292643,106.8416009
Rawamangun Jakarta Timur,Jakarta Timur,-6.19489565,106.882861503899
Rempoa 1 Residence,Jakarta Selatan,-6.2811754,106.7616477
Residence 126,Jakarta Timur,-6.1754037,106.8873824
Residence 21,Jakarta Selatan,-6.30651645,106.807300209863
Rorotan,Jakarta Utara,-6.1455005,106.956314483922
Roxy,Jakarta Barat,-6.1756835,106.7837674
Roxy,Jakarta Selatan,-6.1756835,106.7837674
Royal Grand,Jakarta Timur,-6.2200881,106.905608
Royal Oak,Jakarta Timur,-6.2200881,106.905608
Royal Orchard,Jakarta Utara,-6.1353151,106.8285301
Royal Residence,Jakarta Timur,-6.3701319,106.8868225
Royale Residence,Jakarta Selatan,-6.147307,106.85271428019
Rri,Jakarta Barat,-6.1796667,106.7896725
Rspp,Jakarta Selatan,-6.3002948,106.7985244
Rumah,Jakarta Timur,-6.22595275,106.90188949921
Rumah Bangka,Jakarta Selatan,-6.2630889,106.8184883
Sadar Residence,Jakarta Selatan,-6.3313393,106.8125162
Sagu Indah,Jakarta Selatan,-6.266589,106.7837488
Salemba,Jakarta Pusat,-6.1972497,106.8514177
Sampit Residence,Jakarta Selatan,-6.2447449,106.7968835
Sandang,Jakarta Timur,-6.2162617,106.9100766
Sasak Residence Cipete,Jakarta Selatan,-6.2684597,106.8015152
Sawo Residence,Jakarta Selatan,-6.2798324,106.8390866
Sedayu City,Jakarta Utara,-6.1637396,106.928098017647
Sekretariat Negara Sunter,Jakarta Utara,-6.16933135,106.825249582062
Semanan Jaya Residence,Jakarta Barat,-6.16530095,106.691004452689
Semanggi Hill,Jakarta Selatan,-6.2239521,106.8153438
Senopati,Jakarta Selatan,-6.232466,106.811209
Senopati House,Jakarta Selatan,-6.232466,106.811209
Seroja Rempoa Residence,Jakarta Selatan,-6.2830504,106.7625855
Seskoal,Jakarta Selatan,-6.2380004,106.7712323
Setu Garden,Jakarta Timur,-6.3133915,106.914294623857
Sherwood Garden,Jakarta Utara,-6.136197,106.900690224284
Sherwood Residence,Jakarta Utara,-6.152796,106.907856091928
Siaga Baru,Jakarta Selatan,-6.2747165,106.8389193
Siaga Baru 3,Jakarta Selatan,-6.2747165,106.8389193
Siaga Raya,Jakarta Selatan,-6.2753544,106.8412967
Simatupang,Jakarta Selatan,-6.2991273,106.8321237
Simatupang Residence,Jakarta Selatan,-6.2926076,106.8056063
Simprug Garden,Jakarta Selatan,-6.2338924,106.7865249
Simprug Golf,Jakarta Selatan,-6.2261088,106.7942507
South Grove,Jakarta Selatan,-6.28381815,106.804863491948
Sovereign 78,Jakarta Selatan,-6.29313035,106.8030608
Spoor Regency,Jakarta Pusat,-6.2138926,106.850294828508
Srengseng Indah,Jakarta Selatan,-6.210921,106.7591612
Sudirman Residence,Jakarta Selatan,-6.2043473,106.8224219
Sukun 421,Jakarta Timur,-6.2082903,106.8655522
Sukun Mas,Jakarta Timur,-6.179692,106.8761656
Sultan Residence,Jakarta Selatan,-6.2061589,106.837386324195
Summarecon Kelapa Gading,Jakarta Utara,-6.1434094,106.911237741221
Sumur Bor,Jakarta Barat,-6.1530716,106.7190714
Sunter Agung Jaya,Jakarta Utara,-6.1349763,106.8582816
Sunter Agung Utara,Jakarta Utara,-6.1359497,106.862046933693
Sunter Bisma,Jakarta Utara,-6.13350215,106.861881155521
Sunter Garden,Jakarta Utara,-6.1435919,106.8911449
Sunter Hijau,Jakarta Utara,-6.1562965,106.8780249
Sunter Indah,Jakarta Utara,-6.1502705,106.8794472
Sunter Indah 2,Jakarta Utara,-6.1512393,106.8776874
Sunter Jakarta Utara,Jakarta Utara,-6.1435919,106.8911449
Sunter Jaya Baru,Jakarta Utara,-6.1349763,106.8582816
Sunter Karya,Jakarta Utara,-6.13816315,106.870888634086
Sunter Mas,Jakarta Utara,-6.1580417,106.8714665
Sunter Mediterania,Jakarta Utara,-6.12919515,106.872748275336
Sunter Metro,Jakarta Utara,-6.1338771,106.872704881851
Sunter Paradise,Jakarta Utara,-6.1393986,106.867047743533
Sunter Paradise 3,Jakarta Utara,-6.1393986,106.867047743533
Sunter Permai Jaya,Jakarta Utara,-6.1467493,106.8794085
Swadaya Indah,Jakarta Timur,-6.2987178,106.9019029
Swadaya Residence,Jakarta Selatan,-6.30651645,106.807300209863
Swadaya Residence,Jakarta Timur,-6.3032141,106.9118258
Taman Aa,Jakarta Barat,-6.156036,106.820050250073
Taman Aries,Jakarta Barat,-6.1948679,106.751004005417
Taman Asri,Jakarta Barat,-6.1540621,106.6981329
Taman Bintaro,Jakarta Selatan,-6.2722759,106.7563322
Taman Bona Indah,Jakarta Selatan,-6.3005918,106.78273978034
Taman Botanik,Jakarta Selatan,-6.31294815,106.810995354355
Taman Buaran Indah,Jakarta Timur,-6.218293,106.9221925
Taman Cengkareng Indah,Jakarta Barat,-6.1357089,106.7125649
Taman Cilandak,Jakarta Selatan,-6.2361404,106.794461972876
Taman Cosmos,Jakarta Barat,-6.1665156,106.765869
Taman Duren Sawit,Jakarta Timur,-6.2380434,106.934894083215
Taman Duta Mas,Jakarta Barat,-6.144338,106.7802675
Taman Gandaria,Jakarta Selatan,-6.2556902,106.789055606106
Taman Gedong Asri,Jakarta Timur,-6.2988793,106.8620948
Taman Grisenda,Jakarta Utara,-6.1322188,106.756050123783
Taman Jatinegara,Jakarta Timur,-6.21607105,106.87423921083
Taman Kebon Jeruk,Jakarta Barat,-6.16697545,106.767770842664
Taman Kedoya Baru Residence,Jakarta Barat,-6.1849329,106.7644591
Taman Kedoya Indah,Jakarta Barat,-6.2114489,106.7574802
Taman Kencana,Jakarta Barat,-6.1286126,106.7278714
Taman Kintamani,Jakarta Barat,-6.1482198,106.7123774
Taman Kota,Jakarta Barat,-6.1572539,106.7576067
Taman Lebak Bulus,Jakarta Selatan,-6.3005918,106.78273978034
Taman Malaka Asri,Jakarta Timur,-6.21792295,106.925390517691
Taman Marina Asri,Jakarta Utara,-6.1231575,106.8258635
Taman Meruya Ilir,Jakarta Barat,-6.1935384,106.7406065
Taman Meruya Plaza,Jakarta Barat,-6.19653775,106.744139803188
Taman Mutiara,Jakarta Barat,-6.1598646,106.7712598
Taman Mutiara Prima,Jakarta Barat,-6.1966764,106.7790506
Taman Nyiur,Jakarta Utara,-6.1357285,106.8711323
Taman Palem Lestari,Jakarta Barat,-6.1356783,106.7209995
Taman Permata Palem,Jakarta Barat,-6.1328342,106.7114249
Taman Pulo Gebang,Jakarta Timur,-6.2069203,106.946702473277
Taman Pulo Indah,Jakarta Timur,-6.2967699,106.7759836
Taman Ratu,Jakarta Barat,-6.16697545,106.767770842664
Taman Resort Mediterania,Jakarta Utara,-6.1574835,106.8958622
Taman Semanan Indah,Jakarta Barat,-6.1357089,106.7125649
Taman Setu Residence,Jakarta Timur,-6.30283465,106.895301594891
Taman Sunter Agung,Jakarta Utara,-6.15008915,106.857899684403
Taman Sunter Agung 2,Jakarta Utara,-6.15008915,106.857899684403
Taman Sunter Agung 3,Jakarta Utara,-6.15008915,106.857899684403
Taman Surya,Jakarta Barat,-6.1716236,106.7637728
Taman Surya 5,Jakarta Barat,-6.1381952,106.7126189
Taman Surya Kalideres,Jakarta Barat,-6.1357089,106.7125649
Taman Tangkuban Perahu,Jakarta Selatan,-6.2075746,106.835299598767
Taman Villa Meruya,Jakarta Barat,-6.19653775,106.744139803188
Tambora,Jakarta Barat,-6.1466142,106.801045596913
Tamini Garden,Jakarta Timur,-6.29056975,106.8827611
Tamini Residence,Jakarta Timur,-6.29056975,106.8827611
Tanah Kusir,Jakarta Selatan,-6.25281145,106.767812856895
Tangkas Permai,Jakarta Selatan,-6.2487497,106.7499848
Tanjung Barat Indah,Jakarta Selatan,-6.30859745,106.850955352029
Tanjung Duren Selatan,Jakarta Barat,-6.1791855,106.789501004459
Tawes Residence,Jakarta Selatan,-6.2941255,106.8375262
Tb Simatupang,Jakarta Timur,-6.3023621,106.8590187
Tebet Barat,Jakarta Selatan,-6.23378305,106.848497792307
Tebet Mas Indah,Jakarta Selatan,-6.2306866,106.8476755
"Tebet Timur Dalam, Tebet",Jakarta Selatan,-6.2260164,106.858396
Telkom,Jakarta Selatan,-6.255453,106.774641500677
Teluk Gong,Jakarta Utara,-6.16208555,106.889316410768
The Adhyaksa Residence,Jakarta Selatan,-6.297527,106.7764912
The Bango Residence,Jakarta Selatan,-6.30651645,106.807300209863
The Bukit,Jakarta Utara,-6.1695357,106.8882354
The Colony Residence,Jakarta Selatan,-6.2285616,106.8559431
The East Pancoran,Jakarta Selatan,-6.2580853,106.842732631567
The Haven Kemang,Jakarta Selatan,-6.2563861,106.8148806
The Icon,Jakarta Barat,-6.2019748,106.783059964963
The Jimbaran Residence,Jakarta Utara,-6.1489307,106.7109529
The Loft Kebagusan,Jakarta Selatan,-6.3103102,106.8312171
The Mampang House,Jakarta Selatan,-6.2406611,106.8213587
The Manggis Residence,Jakarta Selatan,-6.3252344,106.8043697
The One Cluster,Jakarta Selatan,-6.2152426,106.7254716
The Orchard Mansion,Jakarta Selatan,-6.2133373,106.8218496
The Pavillion,Jakarta Timur,-6.3157584,106.8679565
The Residence,Jakarta Selatan,-6.237193,106.785758157772
The Royal East,Jakarta Timur,-6.2200881,106.905608
The Royal Villas,Jakarta Timur,-6.2183295,106.906693
The Taman Dhika,Jakarta Timur,-6.3340837,106.8858589
The Tropical Residence,Jakarta Selatan,-6.333741,106.81926170322
The Villas At Kebagusan,Jakarta Selatan,-6.3103102,106.8312171
The Villas Moi,Jakarta Utara,-6.1556025,106.8951708
The Wiladatika Residence,Jakarta Timur,-6.3504854,106.8791288
The Willows Townhouse,Jakarta Selatan,-6.2761012,106.8423984
Timah Cilandak,Jakarta Selatan,-6.2998038,106.7922648
Timbul Residence,Jakarta Selatan,-6.348571,106.8031181
Tirta Sari Surya,Jakarta Timur,-6.1989865,106.87222178771
Tni Au,Jakarta Selatan,-6.2461285,106.8427251
Tomang Barat Baru,Jakarta Barat,-6.1804991,106.7729417
Town House Fatmawati,Jakarta Selatan,-6.3060477,106.747746
Townhouse Cordoba,Jakarta Utara,-6.1275862,106.78987624086
Transmigrasi,Jakarta Selatan,-6.2726903,106.83087425
Trimaran Permai,Jakarta Utara,-6.1159007,106.7547867
Tugu Permai,Jakarta Utara,-6.1279935,106.9109472
Tulodong Bawah,Jakarta Selatan,-6.2306484,106.8103733
Tvri,Jakarta Barat,-6.2207235,106.7257502
Tvri,Jakarta Selatan,-6.21390875,106.787049
Ulujami Indah,Jakarta Selatan,-6.2458357,106.7686397
Unilever,Jakarta Barat,-6.2139252,106.7267076
Unilever,Jakarta Selatan,-6.22648465,106.818269096785
Unilever Meruya Selatan,Jakarta Barat,-6.2139252,106.7267076
Utama,Jakarta Timur,-6.3677483,106.8975219
Veteran,Jakarta Selatan,-6.2600255,106.7677921
Villa Andalusia Bambu Apus,Jakarta Timur,-6.3131056,106.9009726
Villa Anggrek,Jakarta Barat,-6.12847595,106.717053631056
Villa Anggrek,Jakarta Selatan,-6.3082578,106.786429582799
Villa Ani,Jakarta Timur,-6.3035401,106.8611734
Villa Arteri,Jakarta Barat,-6.1440301,106.8087815
Villa Artha Gading,Jakarta Utara,-6.1556025,106.8951708
Villa Cibubur Indah,Jakarta Timur,-6.35840215,106.888823402018
Villa Cipayung,Jakarta Timur,-6.3293992,106.903738912405
Villa Danau Sunter,Jakarta Utara,-6.1382569,106.8565993
Villa Delima,Jakarta Selatan,-6.3016717,106.779691
Villa Insani,Jakarta Selatan,-6.2553149,106.7790703
Villa Jati Padang,Jakarta Selatan,-6.28900155,106.830084448804
Villa Jatiwaringin,Jakarta Timur,-6.2483449,106.9037747
Villa Kebayoran,Jakarta Selatan,-6.2448215,106.7782383
Villa Kebon Jeruk,Jakarta Barat,-6.19257205,106.769725489693
Villa Kelapa Dua,Jakarta Barat,-6.20960595,106.768264254934
Villa Kemayoran,Jakarta Pusat,-6.1625465,106.856890340743
Villa Kupu Kupu,Jakarta Timur,-6.349888,106.905429
Villa Malaka Indah,Jakarta Timur,-6.223973,106.9362377
Villa Menara,Jakarta Utara,-6.15113255,106.847998019631
Villa Pasar Baru,Jakarta Pusat,-6.165709,106.834634657692
Villa Pejaten Mas,Jakarta Selatan,-6.2808809,106.8469064
Villa Permata,Jakarta Selatan,-6.2475556,106.8414296
Villa Permata Gading,Jakarta Utara,-6.1682935,106.9042145
Villa Pondok Indah,Jakarta Selatan,-6.288078,106.7968651
Villa Sawo,Jakarta Selatan,-6.26226615,106.80012139627
Villa Serut,Jakarta Timur,-6.3544342,106.9066357
Villa Sunter Mas,Jakarta Utara,-6.151857,106.8781723
Villa Tomang Mas,Jakarta Barat,-6.1801202,106.7717319
Wadas Residence,Jakarta Timur,-6.3099743,106.8935118
Walet Indah,Jakarta Utara,-6.1275447,106.7629563
Walet Permai,Jakarta Utara,-6.1276371,106.7605692
Walikota,Jakarta Barat,-6.2140401,106.7232772
Walikota,Jakarta Timur,-6.21401595,106.944718250149
Walikota,Jakarta Utara,-6.1188305,106.8931407
Waringin Permai,Jakarta Timur,-6.25167515,106.911292
Waru Residence Bambu Apus,Jakarta Timur,-6.3058633,106.9121497
Warung Silah Residence,Jakarta Selatan,-6.3458158,106.8087668
Wijaya Kusuma,Jakarta Barat,-6.1543853,106.775836961935
Yado,Jakarta Selatan,-6.2536338,106.7896137
Yasmin Residence,Jakarta Selatan,-6.2466443,106.853317852919
Yos Sudarso,Jakarta Utara,-6.157164,106.8844048
